,0,1,2,3,4
0,0.008035386413975942,0.00559196242686677,0.009669173654057062,-0.0005825093431476303,0.011748450114496878
1,-0.002989269130463379,-0.008220496558328017,-0.02007612669355041,-0.000728477697276797,0.0034152483530065503
2,-0.019388315604102258,-0.003575511540187981,-0.005651752681135269,-0.001968535033916252,-0.010211002233831201
3,-0.007337965761810006,-0.0016854105960858456,0.006986429705222674,0.0027759871758845645,-0.011004116081972715
4,0.01026694029090236,0.0008986414840963519,-0.006467580501370751,0.00021853848884090255,0.012517406379922047
5,-0.005691109545775785,0.003890395427502691,-0.0072197967306747435,0.0034231697760847,0.002747250048093175
6,0.0020442005838390287,0.008590822297383172,0.005960896714021224,0.0006532360825992622,-0.006164393851805561
7,0.010811888501582656,-0.0019077893087540154,-0.008532752011667477,0.00043520642918992714,0.0027567168312931933
8,0.013925377437547404,0.0014267990940848296,0.005498434907205141,0.0013051619559174554,0.006185577416363275
9,-0.002587600791640776,0.005080821253407031,0.0096290719465848,0.00021722503961640882,0.004098324080282545
10,0.004589893024044667,-0.013613983822124975,-0.032497375795514594,-0.0050677780517356386,-0.00544217175129702
11,0.023241918263783745,0.006887328746690624,0.0014604204607051585,-0.003201536826500373,0.028043765432384626
12,-0.009512674815302713,0.005978513184986323,0.0017012928434907426,-0.00810278535543929,0.0013307024696611602
13,0.007840017788960596,0.014857498305214323,-0.0019410853028872799,-0.00014722013351553542,0.004651142454291213
14,0.020225611679532074,0.005697714659280706,0.009724116742445998,-0.0007360967397788132,0.007936500427734305
15,-0.011627918814282157,-0.006740825836411779,-0.013241825907814864,-0.004272258798783901,-0.007217825349689955
16,0.010993244196693785,0.00021121912844268564,0.002317950940303959,0.00214535109213565,0.019167214782519038
17,0.0032430749633884925,0.0026929787492038226,0.012171372388353197,0.007750815990967608,-0.002594031235740535
18,0.009887820046680096,-0.003501980199372312,0.0058922299445831605,-0.004321795914261517,0.009102753074188952
19,-0.011485607293189704,-0.007292657904037547,0.011476378564986067,0.0015449622981154043,-0.014175274519322323
20,0.018095252627418068,0.007851960589843054,-0.002836518875289684,0.0017629314987517297,0.0032679862818003613
21,0.01739944418898154,0.013838692292137411,0.019082618915960525,-0.0002933607822954709,0.0006514185641057768
22,0.00018386026731920246,0.0009116558716901757,-0.0047685932321647195,-0.003960637381818288,-0.0006509944942071355
23,-0.007170424600568492,-0.0035394164744094736,0.0023372320784791345,-0.0007364219533744221,-0.01693812523911753
24,0.005000008477105133,0.003943819855746211,0.0075784254555109065,0.004274147708904552,0.010603038157336986
25,-0.00626497419789962,-0.001560930514972858,0.007058558473457266,-7.333803144604634e-05,0.0019671956046682926
26,-0.025403280625483027,-0.024440461382450485,-0.017695058452576795,-0.0017612496194260308,-0.002617798596338705
27,0.004756468673287273,0.008600200820512827,0.005380735711394857,-0.001617299291901575,-0.004593155897343104
28,-0.021397482270976376,-0.02001958917681823,-0.011518300161961537,-0.0015462149978135997,0.00131835886544307
29,0.02534832363690631,0.01664550906637663,0.022834303934930356,0.0,0.019091505586842805
30,0.015663294773864855,0.014140224467191542,0.005983850793277012,-0.002654871638255951,0.007751992427776466
31,0.0037161048694447363,0.0007863145594166898,-0.002516600609827946,-0.0023662179179290144,0.007051259870987536
32,0.0014808962547117055,0.011365709751263164,0.006880804180208422,0.0017046822610466972,0.005092293030668271
33,0.00739374375528401,0.003935858007879212,0.003530723779257894,-0.0026637116286316598,0.0050664929638584155
34,0.005137592280676673,0.0072219400383219945,0.005447687256997513,0.004303003634872571,0.015753053275180173
35,0.011135462284495468,-0.0006658210010571652,0.003499324989312491,-0.001551240767175499,0.003722051043344443
36,0.0021664367793292616,-0.00043565260149747154,0.005399276932513075,0.0023675055989909044,-0.0018541833176548561
37,0.010448601127586388,0.0016150658954552366,0.002125782582735436,-0.0026572233665813627,-0.00185750959786124
38,0.001782821783723687,0.004939784585931806,0.00022325157010749663,-0.0032563828989532473,0.012406876251771504
39,0.0028474791123425103,-0.0008660015352057737,-0.007701694834425399,-0.007053734778031506,0.013480467206926194
40,0.0024845289820194516,0.00022948472666350916,-0.0012373521761924744,0.00501008143535997,0.003022928312755413
41,-0.012922700216733363,-0.004256003887434856,-0.004279730256782965,-0.001934483025618161,-0.0036166043032268558
42,0.005380255753020036,-0.0017659767589335296,0.0057685158433549155,-0.0072312600649824255,-0.0006049744988767536
43,-0.028362470810523788,-0.007691716045917785,0.008322149217300678,-0.00623264881329888,0.022397029154492598
44,0.005691161219874008,0.0012143793044092632,0.006245790048192923,0.0007556755801949588,0.004736526145470821
45,-0.006389165423884013,0.011019326486895187,0.0076479985820252505,0.0015100947187816072,0.01532116908674408
46,-0.021679226503027893,-0.024095777385022776,-0.01913986825510694,-0.01583237419465422,-0.008125327531509963
47,-0.014272268948980371,-0.005152620223082494,-0.014578843210249381,0.013252727710320045,-0.02106498578919258
48,0.027433769873543845,0.02424019764376939,0.004438367787163999,-0.0010584364188879203,-0.00836816458332812
49,-0.009456742691349884,-0.0078032191902133174,-0.009630619233490512,-0.0011353148393998813,0.004219390848727578
50,-0.0007487289816743292,-0.013245705500087857,-0.005720169077360837,-0.007425335348261286,0.006002423912702559
51,-0.021543677460992394,-0.012374812685589154,-0.011391156960630533,-0.008167994841364545,0.015513139936226716
52,0.007084030923369289,0.018396582031360742,0.01094043833145708,-0.0013083828101916328,0.020564064163116624
53,-0.026045607825612382,-0.004978765054346579,0.008634584327997574,-0.009324842064588612,-0.013817021696666099
54,0.021667004104429566,0.014277512809395931,0.00662026968398588,0.007545711378260878,0.0
55,-0.0017195290853173617,0.006224586256551756,0.0099784241870573,0.0047097019010928776,0.0064215187239180516
56,0.030047841049267277,0.010139155868312377,0.011676220041435315,0.000614783893435833,0.015081219972949755
57,-0.01765144497075899,0.0013467811372471772,0.016757320230857964,-0.011519851951902638,-0.0045714242117745885
58,-0.0005674064668608203,0.005963574374651337,0.014843926758147719,0.003418438036409288,-0.003444286204340119
59,0.004352754382516144,-0.001261320338490246,-0.004086952775789077,-0.0006968357889568511,-0.004032240343498583
60,0.000753738755556288,0.0034098812634899556,0.0008639506735741431,0.0009297622769055547,0.0
61,-0.015439647625693942,-0.014549661776192768,-0.010142451859203927,-0.005728365662879709,-0.04742634810599955
62,0.009944548645231643,-0.005108817676184874,-0.013625463583029518,0.001479308920855349,0.021857961466923648
63,-0.0034084510603102913,0.00798496781307656,0.007072598129706398,0.0035760820774064506,-0.00178257200127796
64,-0.016340501480106906,-0.00787079743934982,-0.001426503427367276,0.002943720610370404,-0.027976150874916783
65,-0.023372591728289205,-0.005083468514321288,-0.005604419079455747,0.0030122760946269533,0.026331923281368574
66,0.0015822392045994338,0.005625576112623376,0.004309861850539276,-0.001155043090862451,-0.022673094446645226
67,0.024881559072214898,0.016114956588609397,0.021566891986222414,-0.0006939448926114311,0.02380960421116507
68,-0.005587686069387532,-0.0005051068273195236,-0.005816386335987245,-0.0023915874885930277,0.0011926331077953822
69,0.004068961092601464,-0.002652958199523048,0.0013000553978337326,0.003093412441618648,-0.01608102698279046
70,0.004438431948877497,0.0040533416294838975,-0.006059268228615022,0.0026212036103014924,0.005447950974214022
71,0.009029802643464313,0.010799078859294209,0.018179818831365546,0.004306017266073159,0.016857240759062808
72,0.002094451816313736,0.01435311202978129,0.0038490389719887386,-0.004900079524214562,-0.014801658320557465
73,0.004750142407871971,-0.0005905853012750928,0.0025561600312034027,0.006693814795847741,0.003605851892539258
74,-0.014561279164344687,0.0011572964304984446,0.0007436491752546015,-0.001987117961731788,0.002993966154271277
75,0.010362711748271858,0.004746778556197873,-0.003715482860507935,0.003675874719009986,0.005373143438083039
76,-0.00854702279008035,0.007270149076117116,-0.0011720896338841547,-0.0020601577711781838,-0.0035629136222521396
77,-0.00651341278962736,0.0003645882466716266,0.005867325200466844,-0.00022936601297351977,0.0005959611723851399
78,0.00019279447388220738,0.002963683460576405,0.004984634808988808,0.004435621408842794,0.010720571054923855
79,0.005398160781954875,-0.003415136352656223,-0.005276487850656486,-0.0013704330805537346,0.022981809827780086
80,0.008820691678108394,0.01074245419619091,0.01750478982054582,0.006175644525601376,0.006336330595365203
81,0.003231290001389331,0.0033424259137662116,0.0021895430763665402,-0.006819685444870549,-0.0017171597295909669
82,-0.0020841343860491524,-0.004913047650308866,0.0019766417663620306,-0.002594122054472958,0.0011467058373069161
83,-0.007594412855276733,-0.007321543531961572,0.008202688563528682,0.0019123384699026857,-0.0017181432342429082
84,0.007843884519254996,0.009462100030156906,0.006591136969162914,0.0034356158415080884,-0.00401604667806188
85,-0.0017084311326218682,-0.009133122416069117,-0.005422537250671877,0.0009891568900350922,0.008064480686997166
86,0.013690838916411208,0.010842412350696051,0.005863591196301865,0.0008361250561939038,0.007999965122767794
87,0.00131306871170489,0.002087620908898691,0.0029658510855774534,-0.0004556661306911458,0.006802768899403677
88,0.0014986514566632803,-0.00021550331899955477,-0.00010198976508202229,-0.004482914179427588,0.008445924357947998
89,0.008043402778521003,-0.00028739969425406464,-0.002141536709168057,0.00015256459334489492,0.0016750802289839939
90,-0.0022267384161042125,0.006372792767143753,0.00858460889508672,-0.001220912786304651,0.0066889034733839114
91,-0.014692224452329872,-0.006570513216365037,0.003951761880642168,0.002062874416253413,-0.008305626963785007
92,-0.00037750958732507556,0.0021567803508037997,-0.0019176669145629655,0.0004575891740428162,0.011166988533969802
93,-0.012273370891583202,-0.006169337672248809,-0.006471831263004657,0.000609607256861544,0.015461003305368815
94,0.0038233022938574113,0.00031279746965928723,-0.01659030283377072,0.0012187041685702837,0.003806400062395854
95,0.009902884676925128,0.007985585867032574,0.005588914305288073,0.0019018638707040125,0.004875414791520427
96,0.008862931011166086,0.007277991122397465,0.013174132678589467,0.0003796739021753037,0.009703520893745488
97,-0.01869158878504673,-0.009902380186043613,-0.0003047417569369548,-0.005389045266544157,-0.006940692148627803
98,-0.002666655040922672,-0.008924752271950998,-0.01260040084361358,-0.0036629712464267827,0.010752626424140876
99,-0.025592057619704733,-0.021245233032779476,-0.0253164467513477,-0.005438047398549362,-0.0010637527248200662
100,-0.0011760363142427899,0.01201251837200945,0.012987048556895697,0.0037735095213193848,-0.027689054246597844
101,0.01648351977392082,0.015355337359152399,0.011882419852393467,0.005447343362098733,0.008214655895404599
102,0.0005792006647882264,-0.002544523483510863,0.0010300625487740245,-0.0011446711314778701,0.01249318545044198
103,0.014470383436309797,-0.00861567834742083,0.000205769119197452,-0.00328489454416081,-0.004828334524403011
104,-0.002662670206736606,-0.0026217825009537954,-0.003189275394307023,-0.0017628245986600621,-0.020485130802992746
105,0.003623235056865015,0.010757955472233016,0.011249912004867024,0.0068335331089581786,-0.010456826266363461
106,-0.01064034508694478,-0.0008187158998508304,-0.0010206787108519855,0.0006863138453403472,0.0094549544283693
107,0.009410441354688714,0.010194271368004548,0.012464254750073733,0.002743488850804665,0.01377410497269449
108,0.010464216565641893,-0.00221872548981783,-0.00030271220745481386,0.0037240119041281883,-0.0032608406079508434
109,0.007343238282178088,0.0019845474111135353,0.004441328785319776,-0.0005300773857526142,0.0016358062375083637
110,0.0018691303574036588,0.000524974865435679,-0.002311359179941741,-0.003030256791548336,0.01578655388841077
111,0.005223929141142225,0.001788738068438045,0.006043498000588343,0.0008358708605609166,-0.0032154054894434347
112,0.020972480159928475,-0.0008808568461590172,0.018021657000958813,-0.0018222267172566253,0.01774193101817456
113,0.0023632261785462294,0.0015726001939970757,0.011703407138420996,0.0015972575730458516,0.005282640246042858
114,-0.011244086665716524,-0.0037113639483952188,-0.003694030063833398,-0.003948883980819939,-0.008407768872251808
115,0.008987488254867726,0.00914587289042501,0.0004878822597329524,0.007090520355405472,0.011128726822101642
116,-0.003999225826548436,-0.0009701932233501243,0.011800264030321639,-0.0008327701824608624,0.0015723630380224396
117,-0.004197837897300438,0.00021316548797978285,0.008289162509412584,0.003788452918518148,0.009942366333890451
118,-0.0007331545916515747,-0.0014919126755557066,0.0013382983350693767,0.0036232714508486197,-0.004663220525681133
119,0.006969938828405242,0.004648384877148359,0.007159904534606243,0.00451256629384611,0.003644019027019718
120,-0.004371615151115504,0.0016524922245406692,-0.0039810252980598815,0.0008236044651266372,-0.0031121043129721526
121,0.004024903426953497,0.002238957866883773,0.003901751290164901,-0.0036657851415898834,-0.005723137717622118
122,-0.006742032423118882,-0.0018341691233246804,-0.010711890001905755,0.0007509093633837338,-0.004186285774513299
123,-0.013575451963960261,-0.005583362168830042,-0.006515909363729255,-0.002851177118044279,-0.00578037868536474
124,0.005765322124825278,-0.00033162951770204785,-0.0012538315300475444,0.005568137901800441,-0.025898507882783584
125,-0.007766308606176775,-0.01670731988666041,-0.016996640119370743,0.0052379298970306465,0.010309307157431613
126,-0.0003727256395926748,0.0143159445955785,0.020630695109864705,-0.005806154537439712,0.012352284203537955
127,-0.0042878364066631924,0.0053461960706966405,-0.0051978142140710615,0.0016472089302532744,0.0015914471453466472
128,0.005804182253822621,-0.001205311303686507,-0.001741657550395126,-0.001569677507805567,0.006355976936840424
129,0.007445973605590517,0.005915759498090534,-0.009208073714283893,0.0019465036503654165,0.0036841944644325775
130,0.008130126572249763,0.0035520565193292164,0.006750170545551715,-0.0026153037340421736,-0.0041950668582216855
131,0.0023826475466623975,0.0020159300032134286,-0.0029151981448065634,0.004270357675035141,-0.0005266050027575853
132,-0.0007313421436171419,0.0005380751530430494,-0.0027287669586918417,0.001193611775208936,0.004741841662725621
133,-0.006221411584533709,0.0008416772066590639,-0.0052770537072683865,0.0011176059085085122,0.009438925435569567
134,-0.005339733165058647,0.00553659564244402,0.004322648958136721,-0.0027537594187759806,0.0036363477830763102
135,-0.0011107251533241103,0.007643539253548326,0.0030323539901626617,0.0028359549850367483,0.009316786129349941
136,-0.017976230957442385,-0.00182147132412247,0.007314218776122816,0.003646688330506409,-0.027179522392077327
137,0.0009435598316061,0.003534055863952723,0.0034853384370281404,0.0034109944519151725,-0.012124383266287952
138,-0.019042272224674694,-0.008147995435639044,-0.002797886263947058,0.0005172336804710742,0.008537878834913304
139,0.01825871199746154,0.010674778247933281,0.01644733879840876,-0.004210001240854355,0.011640276462621113
140,0.000566228379691891,0.003581919539736189,0.008566548132432183,-0.0005192650972818402,0.0015689737437312168
141,0.0005659799083967965,-0.0034089646750015135,-0.013967494718069906,-0.0037105751391465214,0.008355083582209932
142,0.0049019290543994565,0.0014922149313552069,0.006986942037560784,0.004618213163407825,-0.009839390572956241
143,0.0009380720033065337,-0.0034155287633637066,0.001615798597325524,0.0021502821637229275,-0.005230145244791484
144,-0.006747831414258165,-0.007843596692603483,-0.0006642597897956737,-0.0014057593685868897,0.0
145,-0.014719806931259405,-0.014767921294730924,-0.01823186984575742,0.007186791227163036,-0.03995795008362446
146,0.0007661543043244734,0.014330414665499891,0.023599985064421514,-0.0013976933793873325,0.014786443284738437
147,0.008612454793099689,0.008096298088761111,-9.451134893145863e-05,-0.003535880129201252,0.01996756169315317
148,0.0015179889032121974,0.00209412884057647,-0.007937973353932204,0.004139850232175668,0.00793648791311119
149,-0.015536182527269515,0.010287996771777497,0.008287246040843632,-0.0004417106514389424,0.00524936406691201
150,-0.01905307700564174,0.002454849675574744,0.0004723953942242787,-0.002209641616831459,0.007310772834773216
151,-0.021581366734822804,-0.00455756949371422,0.005665707889290994,0.004281404191543325,-0.005702467865774885
152,0.028273508674783843,-0.0004100662612578354,-0.003474204193258501,0.0017639855126185822,0.004692395784978265
153,0.0035101464403397564,0.00414740874577646,0.00018848839139384843,-0.0028615408970610323,0.017644013726575203
154,-0.006801369614223396,-0.004856426098946209,0.0013188825966650164,0.0008094232177475735,-0.005609413917789241
155,0.008021910438581914,-0.0020980443028566498,-0.002163922805084817,0.001102927441599899,-0.010769183819110628
156,0.0025233126350960866,0.008135463763766726,0.0012257673562614535,0.0010281976048991393,-0.004665637548801005
157,0.0025168876975314447,-0.004918923133127029,-0.003107654425724138,0.00022009375366982553,-0.016145904217326423
158,-0.003089993263500901,0.006332859605726826,0.011713563731533538,-0.004107661931140538,0.014822694319352125
159,-0.006780288286773017,0.0016524367362660275,-0.001773994535187895,-0.008175595311347483,-0.008346366550617268
160,0.0035108309648654856,-0.0008135446213638486,-0.005331655642069388,-0.00430715739849552,-0.0142030749349209
161,0.003692878987201942,0.001243950392180615,-0.009497785796669822,-0.002237492897231852,0.01814301796907669
162,0.0036793656787752482,0.002484878742467389,0.005886215763880376,0.0015697915666275097,0.00890985728373761
163,-0.006559910101800792,0.0029969502364324274,0.0021708670463289614,0.0014179205524913474,-0.0036363477830763102
164,-0.001942169072800426,0.0018198380239258238,0.005462439530869112,0.00670747655686732,-0.005735172502676078
165,-0.007978203002172002,0.002354655008411921,-0.0012177302380211863,0.0005922551818939858,-0.00262187927953228
166,-0.018046256908713865,-0.00655523338877162,-0.00103161036467192,-0.0017757138699407982,-0.011041061344221448
167,0.0011985129234486358,-0.01094499544098837,-0.009106211245564544,-0.0006670348288764227,-0.011695870260540198
168,-0.015363137952379757,0.0015483234371362897,0.004831781071440222,0.002299173436059121,-0.01398602618331024
169,0.0,0.00795707751684338,0.004997160017885749,0.0006659489292371035,-0.023458827439473473
170,0.014387090600260999,0.008796518727259395,-0.00187632005923144,0.000739526042115024,0.03631282862472163
171,0.022373130266878594,0.0015874244054374653,-0.004417719930439823,-0.002290678743806951,0.021024329543793074
172,0.0009769292059869095,0.0020983602447592897,-0.0006608732631638858,-0.0025922536841973542,0.008975716552291235
173,-0.008198285627526669,-0.005903174076911433,0.00037790189989594936,-0.00029697250075433335,-0.007849373160022433
174,0.012595933327111952,0.008940954033659798,0.01048258208281827,0.005570823537092151,0.012658316986067009
175,0.0029154073655464074,0.004397581313332788,0.009999997147889905,0.0016988899338432617,0.003645817293889575
176,0.012209323386534576,-0.0014815766566952382,0.004719183285561757,-0.0022859490981381736,-0.004670480044105529
177,0.012062053870128375,0.0005314692082392103,0.016025030709401644,-0.0004434409256501848,-0.004692395784978376
178,-0.00397274086356203,0.0030766150641741152,0.005257449534618708,0.001774550610966541,0.011524322241803109
179,0.0045583638521180525,-0.0002427588175996087,0.00018031237864080119,-0.003616698035335153,0.0010357565156304815
180,0.008319199215047979,-0.003575516829695813,-0.011269383525377319,-0.004741087218348539,-0.011381237155861923
181,-0.014813442497714657,-0.0012182425981892564,0.005015073045871121,0.003200540798263596,0.007325975153166686
182,0.0013323124020641064,-0.004280217028024724,-0.02032297077627665,0.006529194916031322,-0.0072726955661526205
183,-0.0015206582422838677,-0.007884557125706126,-0.014632355824549359,-0.0028748295674516644,0.01308215552146974
184,0.003236283791987704,0.0025592316015876637,0.006766928668962446,0.0024395787730588925,0.007747913936018591
185,-0.009297944428330651,-0.005396509510041114,-0.0017737344710095915,0.003023513162730529,-0.000512569388237738
186,-0.0003830771521622367,0.008352638275707758,0.003179615981672823,-0.0011762988734792534,0.016410240760216244
187,-0.01034675445562716,-0.0015852269521696716,0.000839041391831552,-0.0013986193071016118,-0.007063541463373291
188,-0.0038722315010821795,-0.012903413372959749,-0.008941869215862264,-0.0022114333160792032,-0.008130073421291018
189,-0.03615161482546292,-0.016674185440266553,-0.006109036809748614,0.0031028233381464876,-0.011782763157920484
190,0.008066173112484476,-0.0009446218183523092,0.0004728420970006031,-7.360809342904506e-05,0.0010367314393926463
191,0.01440282820226435,0.00975481498309394,0.009735337897797569,0.0027987744867481457,0.01139312412157989
192,0.004732827505419701,0.012150019417616509,-0.001965731357046696,-0.006904056002616232,0.015360943497850776
193,-0.010991194600694754,0.0016472110618543923,-0.016788603164660132,-0.0021448748651835547,0.004538585624516145
194,0.005358215142569289,-0.002860915508086981,-0.013450382881627254,-0.0005187671685411566,0.01355423979566095
195,-0.01164627229303139,-0.02015184604315312,-0.006768487339350759,-0.010678549323170583,-0.007924707438328848
196,-0.007988846181683829,0.001683138855191224,0.007496073149493077,-0.00022486154316325724,0.000998429841710946
197,0.006845181500338082,-0.01222234413487222,-0.01652332708252291,-0.00262412723573624,0.006483844042993292
198,0.0005999319136393844,0.0118841762871158,0.014148186860650336,0.005337192515840972,0.013379606227975183
199,-0.013789017361751199,-0.01289603839322806,0.00019372837463582648,-0.0016449918623218096,0.016136914982619377
200,0.009523834553907706,0.010404981575824479,-0.006877170662183962,-0.004119255798071153,0.012512041399927787
201,-0.003813701884239906,0.004156055801436631,0.009558210949003554,0.00030076923941990685,-0.01663499839543392
202,0.019544577576667388,0.008645688246479821,0.0027050408029976047,-0.00443572936062564,0.01256646796378047
203,0.0037549890738322045,-0.001823777649815339,-0.009442175048550161,-0.004606559573979929,0.0033412740942735386
204,-0.0027564360528616882,-0.007239718211772717,0.0025289577123304152,-0.0018966694835789166,0.0066602943196762965
205,-0.002764130308548385,-0.0024615411401438525,0.013097879869198081,0.006384891710844887,0.0
206,0.013066716874760687,0.00359761444619755,0.007278319762090257,0.005060524611943951,0.005671117206934806
207,0.0015634519038001393,0.01682064306130071,0.01216960235389819,0.004734272107526749,0.010338313263897447
208,0.01073169243044969,0.007615808174435079,-0.0007514731518193374,-0.0035900952767028427,0.008372107217478275
209,-0.0013513454798304014,0.0029605206420579844,0.0025381112937776784,-0.0008257064205345888,-0.005996359146000496
210,0.011405377108232306,0.007714868821297793,0.00046878032487551735,-0.00548415388920287,0.0023202388018275233
211,0.00019117232967902353,0.003927722696912994,0.015745082973064317,-0.0024173388156468745,0.01111110031850071
212,-0.008026026542069298,0.0026082373648450563,0.0013840333057784093,-0.0021202391675998467,-0.015109886511010528
213,-0.00250435500861812,-0.001036180745822679,0.004699181258331908,0.004021845380227207,0.004649018149960549
214,0.003669417649392104,0.005362801690428132,0.0032098172338812514,0.00045346201875018366,0.005090175839709943
215,-0.006734698491385305,0.0009000190387353779,0.0027425089444346185,0.00430616714697396,0.0013812471267926618
216,-0.005230539778196208,-0.004430189164679965,-0.008478441831310635,0.0060929557974904736,-0.0183907870588631
217,-0.0009736950057699367,0.00964886297584644,0.01397569522996589,-0.001495304285922927,0.005152163983022762
218,-0.012475621816112725,0.0020291339259019825,-0.011244086665716524,-0.0005242030896219774,-0.005125755251430553
219,0.009672358467088138,0.0017202145779464662,0.004952319433174646,-0.003745879652413242,0.007494137918188315
220,-0.01055720233466928,0.004043094767878008,0.004745360780958219,0.003835236742449233,0.002789375420918061
221,0.007310786947690495,0.006105233516956243,0.0033606062825604077,-0.0025470940346699056,-0.025498342366343185
222,-0.0021577208972006767,0.004712520303954415,-0.009504870463973858,0.005257320609233007,-0.006184636788017728
223,0.00039316803978017845,0.0034696089278050124,0.005117941851211061,0.0073215964352004725,0.013882284538076384
224,0.010414595905942958,0.0008537209944432522,-0.0008183666533728706,-0.00229917343605901,0.006137826198937102
225,-0.0023337015977810127,-0.003305371414023428,0.0017290239554241804,0.0026761864326321216,0.007977479143800092
226,-0.002729032977203172,-0.008044866546158214,-0.004633013515145001,-0.010231352556752116,-0.01256985398127064
227,0.017200959162233964,0.0003235276693500655,0.0016427882237575187,-0.0028464785229400658,0.0070722080317635605
228,0.0007686570873099985,0.007546844519723317,-0.0007289460688354454,-0.0010516781459103397,-0.0014045264882140973
229,-0.0019201667684798363,0.00034242229518555156,0.007021102264219481,-0.007595086022602282,0.00046883398582298064
230,-0.00038477218045029904,0.003957824984497371,-0.0066099541904746095,-0.0016670547750863296,-0.0014058428505620002
231,-0.003656632603093346,-0.002429219514628267,0.0030991155785478064,0.004022761133183117,-0.008915937656997164
232,-0.011976027166362258,0.0033964119454403807,0.00018170506598713665,0.0022679396320404166,0.003314379358081432
233,-0.0017595337224448615,-0.0017882535035962377,-0.005905346849105819,0.0037713078374908005,-0.016045311185406752
234,-0.010379995686239485,-0.0028151747381706116,-0.00493512086057224,-0.008716588864959629,0.007194226176781449
235,0.0009895716003520683,0.0013259941986774049,0.008082337481734925,-0.007125549230242001,0.018095198131742984
236,-0.0011862667283293327,0.00266985624101701,0.012117293875499424,0.004809932076368595,-0.0037418113585737656
237,-0.029295319256254837,-0.022303172218498646,-0.02781525285582076,0.008130020974603136,-0.059624347225577745
238,0.001427399949375907,0.012266607551340236,0.007407435664424256,0.0006784112273781062,0.0
239,0.0016289557190629633,-0.019457616070086114,-0.01893387068204677,0.0021841777269036022,-0.027458867975769907
240,-0.0006098552578650551,-0.011107203410551714,-0.016488612910431133,-0.001653398652786242,-0.00872690350558547
241,0.011798247210230928,0.015316301657013032,0.03000565627507501,0.00233361613324079,0.008803732832503686
242,-0.013872183717777431,-0.008701312903057756,-0.003329331540699587,0.008336467602202857,0.0010267175684632868
243,0.006523949027555487,0.01184331295081531,0.017537413732160223,-0.005064745297204909,0.017435905260917428
244,0.014583780358117915,0.020684823247291373,0.014408117352690653,0.00044915075438933805,0.015120929171032138
245,0.005989204155453454,0.0026479675356780863,0.007191685249199109,-0.0066596781930049476,0.01340618003704841
246,-0.004961301905698323,-0.006751539837133391,-0.014459146138381729,-0.000828629833156791,-0.015188606970111707
247,0.0017949771376837287,0.009413496458462456,0.003079188307583136,0.001130834568565886,0.011442763078172158
248,-0.015329493624944401,-0.008858357047762389,0.009389679446269561,0.004518458723186569,-0.004918857936301313
249,-0.002224031791098313,-0.006880043556733884,-0.012790700054934323,-0.004498134089969796,-0.008897692004390612
250,-0.0036474227100569134,0.015625045279773042,0.014043629462637597,0.0012803180686065119,0.004987550387776762
251,0.0026439103712909695,-0.00881851645274212,-0.00035740632757119695,-0.0019555486800219013,0.00595537674963742
252,-0.006896554925954201,-0.014106585738330457,-0.001251335297509204,0.0023360781139629694,-0.011840146309727406
253,-0.02348851578198563,-0.010633405490204417,-0.007785888077858849,-0.004360588339283655,-0.006989580239526005
254,0.01694201077865376,0.017758992432985066,0.011274465311028825,0.001963375217135077,0.021116143246969088
255,0.005553279796281618,0.009998714868965974,0.010256812953203687,0.0015825717930093575,0.01181682803688
256,0.005931702171154907,0.006222077972414919,-0.0010593724794185633,-0.0015048680017093474,0.005352827953063022
257,0.003253351899537682,0.014152153794584565,0.007512138423848791,0.002938955528390519,0.012584715914913502
258,-0.003445520533377211,-0.0008171953242616103,0.0036841944644325775,-0.0012773174064392157,-0.001912089645385362
259,-0.004270878427758196,0.0012792079086265673,0.006729630176396162,-0.005491993210917867,0.004789290492771103
260,0.012867669115521618,-0.0027645289726202504,0.004340654478710793,0.004009371128741668,-0.004766462519143921
261,-0.0026215178002666484,-0.0025201869073463445,0.0027660099236863633,-0.001506908878863067,-0.0047891991446528115
262,0.007076471801396256,0.005789961364061735,-0.00784418278900434,-0.010639930702163292,0.003849851831692508
263,-0.004015273186615431,-0.00033493890638969237,-0.0012163283362676136,0.0008389948122911051,0.011984659285002142
264,-0.014916381160301584,-0.019202142486770768,-0.028618658156998156,-0.005868040430557886,-0.004263389388239003
265,0.005729539597175037,-0.0009394133755055156,0.0008954820073499015,-0.0013031672895535973,0.00856328740512935
266,0.005086469831915741,-0.003953511334494841,-0.006620720103738487,-0.0042984154424381416,0.0018867456009075134
267,0.0020242605472129416,-0.001244366059822366,-0.005764202437943067,-0.0009250317303292066,-0.0042372953652415335
268,0.0193939208984375,0.009108268663244656,0.001539977986096952,0.0030092544080355665,0.01938533592468228
269,0.015259620922201123,0.002703542338843734,0.0011758763176854536,-0.0006924501336713629,0.007884975904683511
270,-0.012492668267950924,-0.013778587715492119,-0.0019875437334061496,0.0031563023970277992,-0.010584424624090816
271,0.001976645064627025,0.0004090208208415991,-0.009052231275005984,-0.008825062681528162,0.01302328775095396
272,-0.014795818116373316,-0.017709612163689825,-0.010505175053030058,-0.009523097879056697,0.007805329244006121
273,0.004004821154169669,-0.010383557878106742,-0.013478573565232521,0.001563390738369419,0.005466921535937752
274,0.006182715936670302,-0.011068068622025473,-0.012820538449906382,-0.0005463772851860282,-0.003624826679305082
275,-0.015659086294953606,-0.01963064132886827,-0.0024646365731441078,0.006559396797632289,0.0009095251465141008
276,-0.013290371515103927,0.004246735706896265,0.0019005696271225947,-0.0031031335564344342,-0.0022717466555756127
277,-0.0002040473782286556,-0.012208974085799573,-0.003983668478892088,-0.0028015611700510368,0.009107503245793236
278,-0.010410331062606137,-0.0025087953939929575,-0.015617554102330677,-0.006789470506680106,0.002256283276391269
279,-0.008869643342326317,-0.004937963506221665,-0.016542507874986012,0.002278627509833875,0.004952751683293233
280,0.001664970495836915,0.024835410015744186,0.03236271067890062,0.0010975179705858817,0.0008960778690472182
281,0.03199661472374826,0.018011067394991365,0.012291576493932865,0.0004698918513881267,0.0035810171512817845
282,0.005838552973989497,0.006756925874457753,-0.0035767814482191573,-0.00023480572006318035,0.004014279762784456
283,-0.001801444240135397,0.00971408274181318,0.012752677747378316,7.824713515436343e-05,0.00399822975001185
284,-0.008421860395845804,-0.02350497399483331,-0.010633330840253197,-0.00806324406232839,0.002212355584805259
285,0.0006066487125184761,0.004702207959730531,-0.009899152020164004,-0.009943983468822193,0.007947033474937415
286,0.0,-0.0032092765817484104,-0.001428241299551436,0.0018334265645976178,0.002190067333667889
287,0.009094599173456563,0.00822785984758534,-0.004672503865077227,-0.0037396659735985383,-0.008741209044000664
288,0.014820706173575227,0.014636106949445393,0.022609701786270975,0.0033543500680162097,0.010141073154387836
289,-0.005525928348434017,-0.017965644680657644,-0.023608737994192497,-0.01361139156139024,-0.0052378407980793185
290,-0.015479237720671835,-0.019718721011119933,-0.009115376765587713,0.007424129943022217,0.014918746449352316
291,-0.00745815213329315,-0.003269314964678527,-0.009102303113852517,-0.008891325004149575,0.005188103916447417
292,0.022745712707287646,0.01612686726577106,0.008990502809373746,-0.005010932916517108,-0.016344049925445248
293,0.007545692285736871,0.0011208249118113134,0.004648942924296406,0.0014621095303661846,0.0013117087099276947
294,-0.013007485722890788,-0.02136141606480546,-0.010604512367849095,0.0007299565027361066,0.008296966690945817
295,-0.007787603635906026,-0.006475052825868022,-0.006041071166128842,0.002431537189465205,0.003897797834263139
296,-0.01549608530980695,-0.010731648076383382,-0.0036271222314837592,-0.0012936906671617843,0.014236407220079794
297,-0.009198629703298877,-0.01773865723226875,-0.01652892872160805,-0.009067318228836552,0.00935769082146698
298,-0.020218682020947343,0.01504911814725074,0.016806725895986308,0.004738576992027621,0.004214091167247469
299,0.018530158397888297,0.0220640029800776,0.024104653315176083,0.00406570162914055,-0.015107033634248368
300,-0.011370668786556348,-0.0025585268239577408,-0.014890916292587653,0.010689987519749256,0.017043099172623588
301,-0.013592671058700545,-0.015230272363598085,-0.005266246447298117,0.0013621647819577198,0.0402178069007344
302,0.0031800197519968876,0.018396212521518462,0.01872552609911149,-0.01520366093718295,0.03262180702501927
303,-0.013947587736022338,-0.004978472037343917,0.00818014093123387,0.0036564308877715668,0.010920463857676754
304,-0.018859860072718004,-0.008124619808514866,0.004581860612363098,0.0009715248530066667,0.04205247489890196
305,-0.03538660932899318,-0.029479187255280204,-0.01976429346143327,-0.01213199617765115,0.021843767033996597
306,0.00430250514867514,-0.007581700715998618,-0.004846839688351534,-0.005976713043941095,0.017028960393422388
307,0.025253726834637114,0.026810819608671155,0.015390552749837028,0.0017296687104721986,-0.07944423108232213
308,-0.015394782145304431,-0.004515553354495161,0.0024942645966883337,-0.011429035999487414,-0.011996883286060522
309,-0.020326107619110023,-0.012715059514942118,-0.007942601254111836,-0.00041589495435145896,0.017234571675477595
310,-0.02393979075350794,-0.007308323066848366,-0.007813230181346609,-0.01447826476411318,-0.029264545590150348
311,-0.00046719124321614736,0.02199043987466287,0.006708170691346549,0.007852079415785695,-0.024593373835806065
312,0.07782187298689802,0.02217420604853415,0.011878278042389612,0.008544832199022467,-0.008540097215053777
313,-0.007372076332656463,0.01251093216133281,0.0154609922261435,0.009801481112701405,0.04799016064679629
314,0.01572741895809604,0.00782184603841607,0.0,0.0019741536922923686,0.004696706176778864
315,-0.015483897219422005,-0.0002923926222593298,-0.006109036809748614,-0.013874023855872664,0.03739770477676041
316,0.015509019617776953,0.011701391836103525,0.002553159745308786,-0.002414259980822342,-0.0022530780260323624
317,-0.0068832759296221235,-0.012878419431224142,-0.01660059010151871,0.002837322312403634,0.024840039706160555
318,0.006064600500298001,0.015074363734608909,0.006330289844541426,0.0004161026256113143,-0.0099155513148238
319,-0.007750282119237117,0.004883598425542424,0.012485753058047777,-0.007902217334806672,0.007418426176974302
320,0.0032545351569168712,0.007113038068738753,0.010637270241074637,0.005533693977409326,-0.04344625595747986
321,0.01535465092345123,0.012370827763277914,0.029340550558595968,0.008421597045446427,0.0038491294546465493
322,-0.0012779845008730195,-0.006174792896356585,-0.007239191351852581,0.002315187478456826,0.018021446116925688
323,-0.016208111141519543,-0.015391317572948426,-0.012213985498795599,-0.0023098397663524617,-0.018455735789031036
324,0.01907646288840459,0.0028341128726010467,0.01947033825666411,0.0012402339462249667,0.006523410582418343
325,0.017443172490943848,0.008566577431344813,-0.004887770629248944,0.003468542497663041,0.019062142917497304
326,-0.017562201974295144,-0.01263132479829876,-0.004911778274838019,-0.01752946132306421,-0.008230427127649986
327,-0.011066193640975386,-0.00999935653466788,0.011882956162992064,-0.005863603320045652,-0.007921576386578089
328,-0.007316551402120841,0.005038968143330047,-0.009936752524351,-0.004634336453855137,0.0034220591330309524
329,0.0019510112834160154,-0.002673934796955768,0.0016423385737389662,-0.00787268540420516,0.01250473404086172
330,-0.012548719509658746,-0.017092284494708676,-0.010748773167214787,-0.00972695750283925,-0.008233507447903965
331,-0.0039439155912128765,-0.003705230116974989,-0.0014732599904498933,0.0006893144299291443,0.029811355302918674
332,0.010778743694127346,0.01145357848867623,0.007100669731932685,0.005166165638662568,0.021986018834455612
333,-0.010881392637609455,-0.01245175846263713,-0.004303646411896622,-0.011649825554550963,0.007529616221477298
334,-0.004180471687938447,0.0004111392957082405,-0.004046301459035839,-0.007626948122430255,0.01138788934092827
335,-0.005081739963894383,0.01614267485104759,0.021791325427975128,-0.007947630236763148,-0.025686120347524044
336,-0.006440086801943412,-0.0007415447679024467,0.01662747403758358,0.010388241422824684,0.0010833795131197643
337,-0.018104634396579944,-0.014953551807383003,-0.006933322482638893,-0.010629900034786588,-0.0014429656987560158
338,-0.007967185788520403,-0.027439138658316153,-0.01754385126259239,-0.0011449130719375367,-0.019147423439385025
339,-0.010325854612947438,0.005797580441186945,-0.002551009236947288,0.011109170839110893,-0.00736644045675483
340,-0.02017163749214923,-0.028960825603343676,-0.01644138652324778,-0.0005231736870778825,0.013729087992961242
341,0.013961196782330765,0.002811782968023202,-0.006593602177381586,-0.009596982002763266,0.006954631631771679
342,0.0130688773216463,0.02525944549675363,0.018416389625335983,0.0029951019850202876,0.008360579437395321
343,0.0006910568855638122,-0.03695565238965315,-0.04589682291120989,-0.01106624037832582,-0.007570262660611116
344,-0.0020718267825301506,0.0060194441415730715,-0.024148567224110074,-0.008170498946825089,0.015256086662492674
345,0.00761249925422014,0.00458404228460374,0.012422381272202188,0.006447002316759098,-0.013953534395397815
346,0.009844329262168827,0.030452933683378758,0.011490897625103136,0.00978646316003684,0.031204667163158728
347,-0.0362730053656557,-0.03554281472701826,-0.026667990750121384,-0.015330377654357075,-0.005277959821519906
348,-0.013643802381982817,-0.0059689259207744705,-0.011869406195385346,-0.008500398706853152,0.0010611524163819386
349,-0.026949703312445394,-0.03201726802014637,-0.04404405864537542,0.0035195325172912018,-0.04522964006375807
350,0.004166715363272733,0.0023105278627999493,-0.018219872919052693,0.004226629798577131,-0.005921533852755179
351,-0.007078372147589773,-0.015886131940332726,-0.0021331545763632054,0.004656615751656323,0.024571847818862347
352,-0.004916439563399044,-0.0010439303936584654,0.007802515775787722,0.00044563170759714943,0.004723806635327454
353,0.02470355759161036,0.02390784770955201,0.026407867638057025,-0.00525656048752543,0.013743257625962846
354,-0.0021697240496892922,-0.004057564666582247,-0.006302961542112073,0.0013434977503707923,0.01641095516247404
355,0.022952422733715894,0.020570399314302268,0.013621765757829696,-0.005724502434513834,-0.010880992222985109
356,-0.02172890836861152,-0.04031157346543268,-0.02903161400900167,0.003688341302696463,-0.021646579267052934
357,0.014485811572734653,-0.006124621002910446,-0.004437381533802465,0.002688922224418855,0.012694972264922999
358,0.003807706941196587,0.0004365363104414932,0.006367382497572072,0.0049163798056677255,0.0014326292288471265
359,0.007112357394263302,0.01871007995678986,0.011599688420135257,-0.003558099380839508,0.007510765332532143
360,-0.017890732808920173,-0.007633776773134482,0.008443631356374048,0.01312266795889161,-0.0007099913989884188
361,0.005512932298817663,0.008834904007038569,0.008476325335245116,0.010309329635764808,0.007104822936047084
362,0.015017903615196282,0.01998138394687965,0.0012300404836516066,0.00026163246414401264,0.010934725282931712
363,0.010803172021875529,0.02454914082298898,0.026822304856639168,0.0052314801756816465,0.011863229392814922
364,0.013940484696984168,-0.005610983564631744,-0.012263243464697315,-0.007372698997061167,-0.006896578032394962
365,-0.006645300632064921,-0.008088529283735268,-0.008276972820734363,-0.008213932378125732,0.004861156274508227
366,0.017993140056504986,0.019043478552421167,0.013740442484692972,0.00044055552209520954,0.02280579942061145
367,-0.01563567697044066,-0.016411523666384986,-0.01335343224327723,-0.003170414801199728,0.009459418097580885
368,0.005524900691852963,0.003044770239154948,-0.0031545493963911486,-0.007067788978730172,0.004350772147474924
369,0.005036657947940837,0.009592223238758413,0.013781119709453726,0.005338539704417444,0.006664406999848715
370,0.003644643322342267,-0.010872153557139663,-0.02305911762988644,-0.00575273509308849,0.008937453358032199
371,-0.02156152367973685,-0.023782886898168987,-0.02370640591572981,-0.006587127362402634,0.0016404575183766035
372,-0.007886804634056332,-0.028995652096570734,-0.02217059171302138,-0.00967743589445591,-0.009826437525774612
373,-0.03249940085974734,-0.03796815868765324,-0.04998925443222746,-0.023072706295845347,-0.011247110742190203
374,0.01449972108829689,-0.003013346354166613,-0.00761448102297535,-0.005186603244071941,-0.011040479439432205
375,0.014768912306942328,0.014256338190961504,0.023705905887067003,0.015640933046294103,0.0006766054846081282
376,-0.03122061183089897,-0.03309603878307621,-0.02628927721408203,0.0011000343808824642,0.00439483303251853
377,0.0043615290326928235,-0.0021546667341413306,0.007582674928454658,0.0020144787340667936,-0.035678205944354
378,0.00844387135534208,0.025173624723693555,0.01391107483644638,-0.010052074120930676,-0.0024432703579844173
379,-0.01650714448093149,-0.0018129753446093355,0.012708107355845044,0.007292540405929193,-0.017844654662116044
380,0.004865014837511117,0.0098025662185528,0.012548553194034584,0.007697913459931094,-0.022443860620446232
381,0.02130228090447206,0.03179386629448655,0.021276622449146076,0.001182223122047299,0.009475226815653048
382,0.000711130480463007,-0.0038197043828572808,-0.001503429827310443,-0.009174262334754157,-0.002166114499581262
383,-0.0066319892443972295,-0.02043285343481205,-0.012153203291191739,-0.0002750163072360312,0.011939216027249344
384,-0.002622718151074177,-0.000814390026440015,-0.006205767058175993,0.005960512409851848,-0.017161228245263116
385,-0.004303138830898834,-0.008124300277758567,-0.0018623813674268908,0.0030082209684143546,-0.03092034880126715
386,-0.00600240074048175,0.010576514869118592,0.018000212695225226,0.009906425332890656,0.0048799200860998315
387,-0.007971058427338584,0.00188857737683934,-0.0028032575334820953,-0.00027003606866204954,-0.06723948874222574
388,-0.00681759876740784,0.0033773394433473936,-0.0018380167896177024,-0.004950899635376871,-0.014817738969134964
389,0.020838402918434973,0.014977143468688947,0.002707972279315518,-9.048431470626284e-05,0.04146343259945651
390,-0.0024015003743240726,-0.0008225836516971841,-0.005293268503671955,-0.0016285199236742987,0.017564357566363098
391,-0.024795439848176115,-0.0114235785834087,-0.002172073997171342,0.0028092903695053906,-0.001917884067734521
392,-0.0037027330880413656,-0.008848929851508869,-0.003918160874108789,0.0014458343341772206,-0.045349741906853036
393,-0.0029732143228459185,-0.005251687289652196,-0.004807635797100418,0.00748963935517355,0.0056360462475220086
394,-0.006709752646659406,-0.0024284849213771498,-0.009003070688835102,-0.006359149796411723,-0.009207347736233662
395,0.0035026115930145707,0.019105080973613298,0.016951016431260735,0.008022348747634966,0.01292928059895826
396,0.004736939013158414,-0.008256933075751594,-0.007081397967051872,-0.006974861544536526,0.018747555900455737
397,0.014143913290698862,0.027019181769385003,0.025894235529472676,0.0027915132829781086,0.00391536689649441
398,-0.00415948552454426,0.006373161521445958,-0.002352954232119009,-0.00107761086498126,-0.0007799746837401367
399,0.01228501205472421,0.010183194374258298,0.007933081833763511,0.013664188256479637,-0.01678377404723952
400,-0.01019422271517001,-0.009278096561475047,0.0052117157058013674,0.007715458502177253,-0.011909533070615486
401,0.004659206647713576,0.0012149408761987779,0.0016929005300858613,-0.008448465261612803,0.018079581115884036
402,-0.009519145180092448,-0.01183100990754693,0.0010562847370361172,-0.00017747974963500113,0.001973134836600998
403,0.01971412520854865,0.025966367817333857,0.006014558562991379,0.006657789523666358,0.02284363677230017
404,0.0031415478507113015,0.012542386475471679,0.03241036381346185,0.008289195761582047,0.0007701370154979958
405,-0.004577177412469879,0.014578724858715253,0.005384524816150149,0.002361415787202281,0.0046171927776141874
406,-0.006050338863659688,-0.002961239956361772,-0.008084028190828874,-0.0004362887312758801,-0.02029876194010438
407,-0.005843629548401896,-0.006597345296781021,-0.012836207102922548,-0.012220617373602138,-0.005082062593992687
408,0.005388131181481626,0.015659497835290637,0.0031991491611169653,0.010869527109700128,-0.008644448491470946
409,0.008282586087868582,-0.0006755911956808358,-0.0015430668376877898,0.001573566798987791,-0.010701564116625373
410,-0.00024156370332550914,-0.00169015666112049,0.0027818285519525254,-0.013528873665763275,-0.0036056990601111005
411,0.0021749673819424498,-0.0011609330420851993,0.008938611947194142,0.003981636798821464,0.012062695091963338
412,-0.0021702471651474653,-0.003971002129927292,0.005498991164042177,-0.004494598843252873,0.008343229393568574
413,0.01256646796378047,0.021003972292843898,0.01519141211720032,0.009472376978544972,0.013790401617143067
414,0.004773196681595815,0.0,-0.002394232530767759,-0.009646570954105926,0.01943256933134574
415,0.010451364782749772,0.016929012677594724,0.017200012207031268,0.011600084610410732,-0.005337376747681866
416,-0.0037611622935745936,0.004120766150540245,0.004030633383745874,-0.0007002293693627593,-0.012265223953725313
417,0.00047193150683333407,0.0019587438421893033,-0.0026436566173252407,-0.0038542609258191973,-0.011253430747998894
418,-0.0023585444627242103,-0.0070980177423810575,-0.005988617776324423,-0.009409072136286833,0.003924661823637932
419,-0.006382989660366545,0.002906412210693654,-0.006617265866126543,0.002574353409668717,0.015246262346037431
420,-0.01118242730564556,-0.013438032679318979,-0.010538925916593112,-0.01186474179492214,-0.0003850685077489979
421,-0.006977885128601424,-0.020822495475209313,-0.021804644716057697,-0.006720430199413596,0.008859840435145871
422,0.006299935029060455,-0.0024192572522898637,-0.012840267278815487,0.00108256877071633,0.01641849165358389
423,0.0007224318535039576,0.003201181774415529,0.0057232368417354795,-0.002973793164139593,0.010518361024399514
424,0.01852744062367906,0.014117523988503633,0.014899066624703083,0.010303682175861306,-0.014126363054103419
425,-0.013229420011037663,-0.033849042636585946,-0.02518089186995387,-0.005993900306513589,0.004147763993372244
426,-0.004788143661661803,-0.006612204712255654,-0.008993940448117188,-0.007380071013588174,0.014645186229357954
427,-0.012027904827294322,-0.010977854044983193,-0.013824452917434171,0.0012693751789489838,-0.02775721640613449
428,0.0014609538285088597,-0.00760904759879355,-0.004708344851583113,-0.010504425055724687,-0.020936472585657562
429,-0.004619558387357836,0.0031378631887633013,0.0018277407272426771,-0.008785568902399787,-0.021384107766090565
430,-0.00806052827129633,-0.010544430280438832,-0.01395152444194192,0.0007386375483149354,0.006754075318976982
431,-0.008618623086874444,-0.003773150381391921,0.009033542184001542,-0.013562148066987745,-0.005919479780072345
432,0.008445110947906898,0.017964962734754897,0.01952321838494009,0.01365506088174162,-0.0238189904227476
433,-0.0029556388274559753,0.006536291697658347,0.0027507632825285455,-0.0023066987113447013,0.004066709265929003
434,0.013339943716252023,0.01553524437995768,0.01086725883691253,0.002312031872285125,0.028351512371384224
435,0.015358387642240956,0.010747651381183054,0.009706714631811053,-0.002214411052330667,0.013784970062363344
436,-0.03169266858259412,-0.043482480629019826,-0.038246816517947146,-0.007212860955236322,-0.005050472491164082
437,0.004959011633076216,0.003815822886568565,-0.011392922916629633,0.004750392449059726,0.004295146442068631
438,-0.008635541195719854,-0.011353296799374357,-0.018482327849453917,-0.004820656894600983,-0.029160187403682425
439,-0.012692935100967917,-0.011688705054002657,0.0001107901679853196,-0.002328830959976824,-0.0036043314001917848
440,-0.009326920820843632,0.007754928554071894,-0.0014397746383854049,0.0016806751422995259,0.0032154311255849777
441,-0.003562325505503172,-0.011478552554876287,-0.02429017693492641,-0.009973897343394711,-0.001201874214632359
442,-0.01659860899927612,-0.017443780763191308,-0.015800834038425693,0.0037661381162499286,-0.006016831796794353
443,-0.0028563178511693543,-0.008399833871300055,-0.012704994812399506,-0.014069974593493795,0.0028248463633797627
444,-0.022916693571540026,-0.016754820675589754,-0.023865241406332616,-0.0028541818096827765,-0.03380282252286271
445,-0.013859287084738603,-0.009892687940418976,-0.02804415027346585,-0.017364752764227,-0.023323592694878603
446,-0.0005405529125316333,-0.0025527509044867003,-0.01331691555332537,-0.01504996071961806,0.010660980463382375
447,0.007842101652708822,0.019676354781243965,0.02074486043174817,0.020110418635938876,0.02784809393104215
448,-0.01958678651114054,-0.020888970555351105,-0.02938297645582677,-0.007441092457302734,-0.006157697952403396
449,-0.0013683425234753965,-0.015463534653672784,0.011226026782947596,-0.0025314199060272324,-0.012391542685061707
450,0.015346602708550039,0.02640123430525132,0.017837100384638704,0.015129361619609094,0.02258473103193226
451,0.028070200727212002,0.030986651545366062,0.020220607312905647,0.00461541689359235,0.026993857947543054
452,0.0018377446716670853,-0.0023282400189708063,-0.01957954658760319,-0.007561264262487377,0.01792110094196131
453,-0.007075483722308817,-0.010315797736977772,-0.027811862240546104,-0.002314644493326967,0.006259775068669482
454,-0.01979414125313761,-0.027893899575583303,-0.024070523874524907,-0.009956489218769127,0.010497685263291645
455,-0.013731780557738715,-0.00763532474987394,-0.009426695944204533,-0.00898260286460606,-0.011158099681900624
456,-0.015561006775956066,-0.006332978303630554,0.010168150027455303,-0.002068956497267571,-0.014396919387136942
457,-0.0002773748155727729,-0.0032984645496528797,-0.010452930454556975,-0.0011847442540958708,0.0
458,0.0038834782971233217,0.026391080677980572,0.018257714140676784,0.0017791866011027668,0.013817622681560504
459,-0.01464489636387345,-0.022788743093893893,-0.024846342160748436,-0.009570806465782122,-0.01985982176094625
460,0.025518784388838034,0.0256969558368505,0.03769375846583234,0.004781862622707411,-0.002383769001212399
461,0.00027350659868563554,0.011749625081884707,0.010884705570172404,0.005948824811523146,-0.010752706141009205
462,-0.017495986121093376,-0.007086478722309053,-0.024915555586971894,-0.013699974395733672,-0.0004025857013045808
463,0.007790834855125883,-0.008385336059404724,-0.004365643937868868,-0.008693941733138866,0.0008054956836538452
464,0.014632765362634359,0.02430148270112431,0.007866915181186318,0.0028226453357402814,0.0012071943193709966
465,-0.038911572929953286,0.012236464954195947,-0.0001279863856068486,-0.0005026442508089257,0.0028135693140711737
466,0.00821067151848931,0.015968586556123432,0.039288453017711555,0.013376262968647135,0.005611197810317936
467,0.013479346644459156,-0.007534096209333541,-0.0006156313622326381,0.004565294508933393,0.018732535292791397
468,-0.007204165154722442,-0.00533997718970336,0.00147850063791366,0.00464336312028224,0.001564981078369776
469,-0.006977392889310985,0.023790667313994707,0.022022649389892512,0.0020650907604575774,-0.011718794528859933
470,-0.0036537678871553236,-0.007223272936998093,-0.0010833795379949773,-0.005397478346633067,-0.007114561393483321
471,0.016643163325533505,-0.004375864112264538,-0.00036161011662450004,0.0041440372498136036,0.015127354620669609
472,-0.0074916884268819706,-0.025096208707478307,-0.027486423908122726,-0.004814757589980845,0.009019589891620772
473,0.008107378021137368,-0.010296863984421645,-0.0013635876143345271,-0.0035545084388878267,-0.0007773205643024639
474,0.040765317526988865,0.014393132792465568,0.013654495243939913,0.0019818131318423138,0.03383900700948783
475,-0.0018651664561959436,0.009565580032235843,0.0,-0.003659046049566461,-0.008653105451335907
476,0.0042712186685138764,0.005395414467974202,0.0030614742687795626,0.004168716317075161,-0.012144200766283642
477,-0.018341271831461392,-0.02060208145860598,-0.010255206076540957,-0.0025698775481024505,-0.023050340593250618
478,0.03357697951591265,0.054954153075837064,0.07314666741702691,0.03349516530329022,0.009044417596389742
479,0.02017292362330103,0.009678500343534457,-0.00011496708310887449,0.002684809443272318,0.019095860250661012
480,-0.0033383990242055184,-0.00850672396016161,-0.024370561780074018,-0.005068363592269476,-0.014913934812147311
481,0.02215915396092072,0.008529042212070292,0.010840086475458088,0.013936917872765742,0.011645933012228493
482,-0.015880949899088947,-0.007628743762310708,-0.009091954434933491,0.008531629008478925,-0.011128127940206123
483,0.0053790747835031905,-0.0030598607543417256,-0.006822748105866694,-0.005357643557611258,-0.01668608061845167
484,-0.007133726861066836,0.004540403280391958,0.012673216758932293,-9.452028217082908e-05,-0.007103405844194444
485,-0.009237890661402126,-0.0036360943510462818,0.005263122201663029,-0.0015121069502552764,-0.003577112604678634
486,0.002589963028756914,0.01345699994392846,0.005468309917290082,0.008897253179702691,0.010370970564292259
487,0.0054249312694221175,0.006301624330362854,0.0008099941715733472,0.010038534205656813,-0.013817622681560504
488,-0.003597106789181348,-0.0002237136634978265,0.0063591521024677355,0.001021669860816976,-0.00880701831008912
489,-0.002320787916990308,-0.015957008238070003,-0.02676932222594941,-0.007237624604185755,-0.006058142857175874
490,0.01964337459825627,-0.0017175435565947028,0.016526992574782406,-0.004953722683233686,0.013002831649244984
491,0.02712293217062256,0.03150059798946736,0.022877728565087407,0.012211187891578934,0.02246287441184336
492,-0.0024679735362440613,-0.0007358413421266752,-0.0021571575551360134,0.00927988103355637,-0.005100006352840358
493,0.006185057182710896,-0.0011537169597666264,-0.002958267584890817,0.006068370906136433,-0.010646705491539343
494,-0.01008113759211271,-0.017989253786685366,-0.01825857040134382,-0.00849936319446698,-0.025906720389686
495,0.0007452209449818614,-0.014414799715742554,-0.009415291992177499,0.0030417719379907115,-0.01595749952843073
496,-0.005956854629266206,-0.0017011983165312605,0.001994815377965642,0.011119271162157496,-0.0049895607356131855
497,0.011485620305505373,0.007833926502128774,0.007026566089820552,-0.0031809368172687202,-0.0016715802347353481
498,-0.008392993499759305,-0.007470198687737906,-0.0018606353842259837,-0.007476291872197671,0.0012557843203004904
499,-0.002738282316859353,0.014417243300787197,0.007689572627692209,-0.001286049870140471,0.010869574751360966
500,0.005242113761200873,0.007569843141412624,0.018499231282688378,0.008738014510445868,0.01654258120272445
501,0.0017382591017756077,-0.006393530155021865,-0.006811198763360782,0.000911812490112851,0.0077298834274759365
502,-0.019335616666992905,-0.024461665405543398,-0.01337293630715497,-0.0021863703298626858,-0.012111471088614767
503,-0.0012639800308897886,-0.01632321892420352,-0.02583414463412359,-0.004291073002293921,-0.012668552294286317
504,-0.014173565739904026,-0.008479662100243535,-0.01272445881106643,-0.010086177322075507,-0.00786426056529832
505,-0.0033376396808425524,0.001368400469142994,-0.0025295000357025144,-0.011763585159654366,0.004589095265024712
506,0.009273586120083444,0.014952442091866303,0.00857383293569458,0.006842213054967017,0.012873732015139971
507,-0.00893309013259136,-0.014266135745262032,-0.018079436871736188,-0.0002792662428618975,-0.012710105522755866
508,-0.002060309742007438,0.005752265272075174,0.008901301164782716,-0.0030729288847216596,0.01827244748553558
509,0.015741951234879092,-0.0039435108803203,-0.0003625668367344126,-0.012889942881445515,0.008972239365714785
510,-0.014481699339057186,-0.01242787181496774,-0.017047467637797964,-0.0031226516852926878,-0.01131773198205055
511,0.017272445298579964,0.01800031517383771,0.021894203105548238,0.007119126823568411,-0.0012264423720244055
512,-0.012164205610060597,-0.002634075107433076,-0.007221936216867286,-0.006314780193976466,0.009005293107093415
513,0.010774807300536038,-0.004209882546862387,0.0009698617653297603,0.006924057240069503,-0.023935097838474917
514,0.025888238669139252,0.007720189025949065,0.02265022773595482,0.007253170841225565,-0.01787199978056775
515,-0.0029688010222860273,-0.011413395797773451,-0.02688613804170803,-0.0007481701190158452,-0.005078245287625793
516,0.017121648994268712,0.022932103899730993,0.0268987218350365,0.01637810037427223,0.005529526137855845
517,0.005367099219257376,-0.0005668965891446609,0.0003555621467381531,0.003959487211947277,0.011844360993009007
518,0.0070371492834275795,0.007012843096556365,0.0022511233243693862,-0.003393516658992679,0.0
519,0.004096341420368965,0.01264786371867066,0.03581991417269004,0.008558739595418752,0.017976601329610098
520,0.004559694018605676,0.003640782972808232,0.012668347130300184,0.011314951497405357,0.00821350523439901
521,0.00668893395160719,0.0038795056884117773,-0.0061986141209227075,-0.003248223444950682,0.009776036086571072
522,-0.005220721971751274,-0.0018318970798698597,0.002835109992456175,-0.0036209063226111393,0.006857529756638003
523,-0.005963740718509913,-0.015788015568668268,-0.0145878198696765,0.011719823013572661,-0.010817250012761459
524,0.007919410740474309,-0.007279817254666643,-0.0055083283325806365,-0.0020654036967759914,0.01012555668660875
525,0.011666706630161894,0.018629039629190602,0.011885515067745489,-0.005219060703632983,0.006014419218854261
526,0.00729577656738134,0.011998585281936869,0.004561453818542782,-0.0028946149795617826,0.0023913696922075456
527,0.0009346008467381317,-0.0010732912426442143,0.002497459755353537,0.00526167272064848,-0.005566576213595131
528,0.00023338752328649903,0.00037479733110745705,0.00045296021552720944,0.00045125036422244413,-0.002798868220056372
529,0.0077013265532317465,0.010990368001509987,0.011205408951529439,-0.0003608236993245528,0.004410533305831965
530,-0.0067160934107863834,0.0022976965430050456,0.011193194996538036,-0.002887562675558897,-0.011177596320347427
531,-0.01795291370299046,-0.012546826143231882,-0.012729620800328134,-0.0038008884067448623,-0.012918840892629957
532,0.002611600501924327,0.014703349315466685,0.020966420742235092,0.007176607034761862,0.017177916694815387
533,0.010182342169947622,0.010627771821197785,0.006149848484543918,0.007035255343861957,-0.018898319454886403
534,-0.007032330945466403,0.01455698920162063,0.022702402742917904,0.001433014156096979,-0.007377061802865015
535,-0.015816854910026823,-0.010629091340170427,-0.018783293107342613,-0.011358524915456414,-0.02518574402545859
536,-0.010314231694416476,-0.006111360480051453,-0.0072874241956524255,-0.007689510286603363,0.0029648324021442907
537,0.001938968354560977,0.013078632712971272,-0.00219126718087137,-0.0032819819704522635,0.019003329805382885
538,-0.0019352160319157097,-0.010934773280246723,-0.004721646059258955,0.0010061338014202281,0.002072156906266276
539,0.0038778442540219338,-0.00866917718618343,-0.010922306602338727,-0.008406485542911124,-0.00785775565176261
540,-0.008449987677293214,0.0023336663037101246,0.003457864509955,-0.00700326695858311,0.014172578400655889
541,0.009008983068762744,0.011738991096546858,0.00889287527678384,0.0037119665733973406,-0.002055044686285812
542,-0.00289572721673359,-0.00046016987623753725,-0.007933023399695482,-0.0024963411919292078,0.0032948896805451433
543,-0.004840289555096633,0.0032473737163669636,0.00399822975001185,-0.0038001300865164733,-0.010673243939548605
544,-0.0019454771020286366,-0.013768810222142602,-0.009734567123437232,-0.008001494077884974,-0.0029045516064821753
545,-0.008040980109477402,-0.002498258589011204,-0.003909723941530108,0.003939206135114892,-0.007490649189861087
546,-0.0110538141257559,-0.0200609272499801,-0.020074026604059436,-0.014200338746824914,0.001257810432581108
547,-0.004222508098178146,-0.0013781046831931043,-0.009040981235513113,0.0028430919380391106,-0.01298155263136247
548,0.0034921274411470193,0.005319403502116682,0.007506658429023094,0.007843525169612064,0.0076368395208468165
549,-0.01913995691089354,-0.01068237093839386,-0.01753781312198177,-0.007501200565512289,-0.003368417840254989
550,0.005068443172320025,0.0034058380515806785,0.0015167104749336247,0.00028340840556762004,0.0008449707519730953
551,-0.006051479561023143,-0.0036959776232566854,-0.0013978928507308863,0.00037779482966548983,0.0029548203143172636
552,0.020040612689568693,-0.003835914535380569,-0.01259918123745718,-0.009724308885032285,0.01725588566761571
553,0.004476506074960085,0.007777289862108905,0.01169657219882514,0.0008580795863180057,-0.0037236306290360233
554,0.007427562307352531,0.016037819365946948,0.01518163136115147,0.011335442693459541,0.015780696095123448
555,-0.0034406339241442874,0.0006927404874084164,-0.003911238537806727,-0.002731477070065269,-0.004905925444655512
556,-0.014796510121083517,-0.015328731891906533,-0.023328291124808387,-0.0028333531369977294,-0.02054231704459697
557,0.005256547696175895,0.0016321199989792756,0.011469802816642227,-0.001610136067409229,-0.005453064902817273
558,-0.02041831917180792,-0.01844985365837981,-0.02291324600765665,-0.0009487344658121177,-0.012231084748064225
559,-0.005592303504062257,-0.01442944614289643,-0.03314195036822465,0.014338639931980923,0.010674637027565659
560,-0.0010224208057807438,-0.001425250201672501,0.01311725306289846,0.0008425759927195298,-0.00633711947810689
561,0.0005116848037227673,0.016530065073970368,0.009649455099845161,-0.0029932402325055785,-0.012755150449418995
562,-0.016623983031913703,-0.006254338800497861,-0.0007259277199352931,0.009569418402337826,-0.023255771927096602
563,0.0127437673354176,0.01754517723408111,-0.0021791804903262824,-0.0014868846873139496,0.0030864062558342287
564,-0.00513602864138285,-0.015450241961852518,-0.022688609060077414,0.00502560196244084,-0.003076909662602989
565,0.0010324496411240336,0.009615631410812231,0.011421454178644375,-0.002963234569445028,0.003968260642719379
566,0.010572456429033927,0.013130526631691453,-0.004418811893427077,0.004829611603085482,0.0035133913964757735
567,0.0030620758047243957,-0.017046497325513887,-0.03735666078777189,0.005823063492018665,0.0026257971527667845
568,0.012210621355064566,0.0027033947508923184,-0.006275684959950567,0.002848718612967316,-0.0026189203990396592
569,-0.002010601387633204,0.006562012575101583,0.015465970283216723,0.0031155866933232357,0.004813947534641372
570,-0.004784654522524967,0.0018698426642451693,-0.001142327278072397,-0.01196672644547303,0.018728237034929984
571,0.011892743301089581,-0.002244657249312332,-0.0024141654304850046,-0.0016642039486065574,0.004702890689268102
572,0.003500859809261403,0.014534883496678752,0.022162753998532514,0.004630486983290938,-0.006382962490649957
573,0.009718399682732803,0.005855253688247242,0.013084150177667508,0.0013826870560729176,0.007280517067094205
574,-0.0029614740999286404,0.014094630342711634,0.021402186942868884,0.009021480085720679,0.009353712120438118
575,0.004207875310014986,0.003810541299922532,-0.007948020891531127,0.002919438856330059,0.01642794411998727
576,0.000985972783540623,-0.0055481170740256935,-0.001335283005814869,0.0012735321500936259,-0.0012432150990560054
577,-0.00886482651910614,-0.0026182672793729767,-0.005348180745900155,0.0032706515067655317,0.003734446106361533
578,0.005962774620293043,0.003900874175862601,0.006843425957021365,-0.0009055372076858248,-0.002893745071467224
579,-0.002222774730971544,0.0010263762742257487,0.004612176917502264,-0.004622515433394314,0.0
580,0.007425723409153262,0.0002685868828276039,0.004228659148374447,-0.00027316317046288674,0.005389683094668252
581,-0.007616741215722422,-0.004075987071070042,-0.00481233773654266,-0.0020949390200893925,0.007835073569386175
582,0.01213175751105311,0.013282719249790409,-0.0030222436691337284,0.0017342318879172147,0.0
583,-0.005381634416705472,-0.0024427643181926806,-0.015520780409247092,-0.0032801877936361468,0.001227445934588678
584,0.005410753111872557,0.003588253447581513,0.020815306825878732,-0.006307728725259865,-0.004086574455542391
585,-0.0019569919022601745,0.0006522418999843627,-0.002292408522056033,0.0033118732332897416,0.0020516715362624005
586,-0.010294072960761458,-0.0001689404120717164,0.005925720755864505,-0.004951411403041894,-0.0139230201279954
587,-0.001238217824120591,-0.005457115192173623,-0.00985813527068713,0.0037781392811677694,-0.008720892239950429
588,-0.009422292359595907,0.0007769430912525355,0.00012144410097558733,0.0006426117197109171,-0.0020947273837961244
589,-0.0012515453343102667,0.0010431651214151128,-0.0037635689893326107,0.004403700522326526,0.00797651286699641
590,-0.01704261351305303,-0.015873829418699414,-0.00987079676690683,0.004384323281158009,-0.014160772567544666
591,0.0068842541907201404,-0.004235621743444495,-0.009599984975961484,-0.004365184899377095,-0.015209151212133398
592,0.012914618887223117,0.01990804877378749,0.02261712025867313,-0.0036536491926730807,0.0012870307736103648
593,0.006000041961669922,0.008535168842693341,0.012273692125331914,0.007792431791829202,0.009425848839598183
594,-0.0032306427110513347,-0.0010097442299229487,-0.00744300989036939,-0.019466927896912622,-0.008488915964532717
595,-0.01047125348420419,-0.011239232071373118,-0.016932771174545613,0.012060445415359666,-0.022688384965651398
596,-0.0002519103522083954,-0.006864003868551016,-0.003937004178520276,0.0016500166029729257,-0.012702540917557514
597,0.00856855216665764,-0.007082947425800068,0.008275669176406986,-0.002745451007408972,0.003992823495284847
598,0.010744635188837615,0.018512575986983304,0.016660549505220335,-0.0039460429508931805,0.02253646698166989
599,0.00024717728911305414,0.0002665471494098792,-0.005783778044276988,-0.007186279461190659,0.004753699794856958
600,-0.006178942304918222,-0.004385321513347806,-0.004241891468421244,-0.0003712037373271304,0.003010739562331999
601,0.00024874748714753814,0.0046723613801760155,0.00961530246982134,0.00789081381812795,-0.003001702218707769
602,-0.003978116423570599,-0.001743977740241598,-0.01097041671119825,0.00386845509925271,-0.01720428466796875
603,-0.011233168934424387,-0.001310286896183177,-0.00012191779764569866,-0.006147336288443328,-0.007877474930886752
604,0.017419808535136916,0.0034500678839837207,-0.001706685258220042,-0.005354522089076386,0.01146891168975861
605,-0.006947860659991867,-0.006682670396272572,-0.025033619087032832,-0.0050120746819593,-0.010902747347263264
606,0.003498235583385023,0.01213896645052559,0.013527077662729425,-9.323234254154933e-05,0.011904781928157915
607,-0.006225099625245867,0.009633215071565893,-0.004819567455181972,-0.004198195422961293,-0.009150369709808759
608,-0.0005011390087732437,-0.0014550863563069782,-0.0016142711460140902,-0.0012178869778869394,-0.001319291422492097
609,0.006517977944565656,0.0004061283018428341,0.006094500677488401,-0.00037520791012413124,0.0008806895010993188
610,-0.014944016588184339,-0.011222837486886017,-0.009395501816850338,0.0020643822964541148,0.003959531649820436
611,-0.007079615289461216,-0.007244801918740551,-0.02146503993840121,-0.0039329353436146075,0.00043822213039312885
612,-0.0017825234022980085,0.008659898295524604,-0.0001275619916251136,-0.0032904587240585315,-0.015768752148691334
613,0.016581573942114902,0.012950669712364915,0.01147961107605111,0.0042445254846756875,0.016021389468294567
614,-0.01304884976103815,0.00038094297008361977,0.0037830442726147773,0.007513810586936787,-0.02321509804716071
615,-0.007119313016991868,-0.005545210654671728,0.005025144893802347,0.003262851817551926,-0.011210762715387124
616,0.017157541529647657,0.009501019894013307,0.0001250267028809482,-0.00018587875813425025,0.0163265588574939
617,0.015860957554291177,0.014461158782416605,0.0243719147128878,-0.002695175833084207,0.012940692436498757
618,-0.000991254085318749,-0.0019162630830240612,-0.006954608360070225,-0.0021432833172275734,-0.0026432322147308396
619,0.007690338576846312,0.0021774588210983215,0.009583471988526382,0.001961141958177981,0.0013251187038116896
620,-0.0022156611264025905,-0.003457727240027575,0.01837656285601752,-0.008947703199559953,0.003970011128584083
621,0.005428108248932473,0.0060485691329945634,-0.006214109000597601,0.0066773165827718195,0.0017574256492296492
622,0.0026994014810199918,0.0017943024372815142,-0.005772045884989585,-0.0026158331175448746,-0.006140324312856715
623,0.0024473439213743564,0.009071863112013467,0.00024185586589986485,0.003184679009810898,-0.013680470786842758
624,0.008300785160827218,0.006592936721117493,0.006408783896607817,-0.004481752888680468,0.013422784426852852
625,0.009443084669562785,0.0011908327057914558,0.0037245890435004814,0.0030950496450885545,0.0022075560817349515
626,0.00959466392552577,0.012397670338390565,0.005266967160452385,0.008695655275482217,0.0211453535728503
627,-0.003563828114400369,-0.007094474932526573,-0.0007145175707274909,-0.001761168120586909,0.012510742207106684
628,-0.023128217400277373,-0.0051881828235322835,-0.011796924277530318,0.0036215004253588035,-0.008947553924859575
629,-0.001708559744656446,-0.005123725403500368,-0.006029181215001067,-0.0011103140687359625,0.014617375289864176
630,-0.004400985292430604,0.0036097101103738094,-0.014315180162648766,-0.005187083765678668,-0.018644090124807722
631,-0.013998027449331651,-0.007560006040454259,-0.013784649188701925,0.0027932534273846787,-0.010794473300824947
632,0.0032377895013073754,-0.004085752980273583,0.02308755980191557,0.001114231661860643,0.0013095018265090186
633,0.009433989067312076,0.010963311143060928,0.012320010557190564,-0.0011129915314569416,-0.016129068466414376
634,-0.003935067585158714,0.0005043932731050305,0.0014459904768164833,0.0043639854598045424,-0.003101448638489379
635,-0.004197485652970734,0.003941361271775801,-0.00012034816697170658,-0.007580657379170019,0.00044445461697040223
636,0.00867836494496732,0.011800720368392525,0.005535488482781403,0.0073591143619604615,0.00844071666484636
637,0.009832879126798089,0.0011505363811348257,0.009813304437320314,-0.006010740979725981,0.0
638,-0.00486856752738174,-0.00148719811037068,0.0022517474234518,-0.007163425977943394,0.006167373786039931
639,-0.01908029778899667,-0.007830661842952336,-0.0076859587114163075,-0.010119957071788033,-0.002189108438113596
640,0.011970158982508972,-0.00252471423348688,-0.0022639992392424757,-0.0009465966934764092,0.008336929314449293
641,0.00024638543819754943,0.0025311045491687167,0.004299450215264011,0.005211250877318996,0.0021758548914363463
642,0.008869194604538722,0.006368529703967729,0.014270479603957442,0.004712979708355602,0.011723775178678286
643,0.019047588883143396,0.008045919692956538,0.005393353025382686,0.008818861747836415,0.007296140852380173
644,0.011023222849716907,0.007936883171425269,0.006414029758108564,0.0070678149805465385,0.014060499930150572
645,-0.006162558189053979,-0.0006228285007950918,-0.0019699396561768667,-0.007756985503586833,-0.006722682879878539
646,0.0011924454256293515,0.003472216797614669,-0.006501771466984829,0.0016752006541469466,-0.00803716715797298
647,-0.00714624202791414,0.007430587638025177,-0.00549259346008335,0.002508634017942102,0.01321959300028297
648,-0.0014395722853093318,0.002223760453105239,0.011280835507471831,0.00565338833850948,0.005471345097403546
649,-0.00624695646818052,-0.006634489126235876,-0.003253529947014444,-0.006727521358050437,0.002930083575244824
650,-0.0004835700548482258,0.0,0.004663109484392303,0.001762872922232317,0.005425754302281316
651,0.013304287252793312,0.004467290822171233,0.00823855978136967,-0.0012040833689235253,0.017849742733587748
652,0.007639047493118278,0.00273005328280318,-0.007135490285846369,-0.0015763925697165337,0.0036704792376704987
653,0.00615972854465463,0.00015371360408278356,0.004520772391548578,0.0046438191557822694,-0.0048761006199619095
654,-0.011066663696586154,-0.006629974021435614,-0.021694031887451892,-0.012203011159920507,-0.0024499577992296295
655,0.024285725184849394,0.009790323076682261,-0.000825662843030317,0.006551282991419605,0.00613997612183792
656,0.001162232369328553,0.0019040424836307412,0.006492776032370751,0.0027893576369208972,0.004068363782754991
657,-0.013930774979624583,-0.002861568697747563,-0.0016420289249435838,-0.013351829692953121,-0.005267466228027984
658,-0.021662395978319315,-0.013910808689727716,-0.005756643295970032,-0.0061084625834888495,-0.015071240056342528
659,0.004332137388229684,-0.0028658577098359395,-0.010870828297328772,-0.008982645219815844,0.009511974331410489
660,0.001198160498658618,-0.004522767123829707,-0.008123286496390825,0.010399809108628144,0.0016387101916177649
661,-0.0016754355401968901,0.008728528720920004,0.012525604369714394,-0.002455166501267092,0.00040892929330116345
662,-0.010309285893411957,-0.004348675405997704,-0.0064232296596593574,0.003975749445020105,-0.0012264423720244055
663,0.0016957290914292322,-0.006685236768802283,-0.00011974304293838056,0.0009429201001101006,0.006958660424491558
664,0.001934748101738215,0.0003589538129207259,-0.003831414124593202,-0.007064807593518241,-0.005284596182899226
665,-0.014482222295473579,-0.0005830991982453959,0.0015625587449645817,-0.00341524141774574,-0.001634614192934647
666,-0.004653500682964329,0.005520007828496709,-0.00660030048808713,-0.00038077976549544257,-0.004912027741889702
667,-0.010580716329570361,-0.011648860489082202,-0.011234601581177728,-0.005237625374431398,-0.011929206686532079
668,-0.006714759112440127,-0.007338164990194795,-0.01233967202271613,-0.004499341612314689,-0.004163213137550303
669,0.003254909178396881,-0.007619884432481627,-0.00804049883633795,-0.0026925549095950796,0.0025083388691895525
670,-0.006239081654704659,0.00048131162979969666,0.0031175956152722506,0.0037604801185155967,0.0070892443510901515
671,0.002260174617720878,0.0065062917248353,-0.009199471291700845,-0.0059557649017797365,-0.0024844499747463944
672,-0.0017539387394599482,-0.002708613946659777,0.0028858640619893183,0.0030923819524864005,0.00041511950263561914
673,0.014809240721088912,0.011137749516813678,0.015763819985233685,0.014065501363662358,0.0020746571066028174
674,-0.0042048474489082555,-0.013859070825400499,-0.0038182679968756794,-0.0034201083321815373,0.0008281763179955881
675,-0.0007451261934312559,0.007049798505337934,0.0007419039320719634,0.0005719500259391275,0.00992965537280055
676,0.009942866776793124,0.006341360859106304,0.009389603211169995,0.0031440723507352164,-0.001638632053615141
677,0.01329060021250772,0.014454769525983568,0.012117570748396034,0.007977930768226837,0.0036929931120219806
678,-0.0036433742495228794,0.004118813092065299,0.00362795275735861,-0.001413303499162577,0.0012265203503034616
679,-0.011945433276416617,-0.0014633902747576144,-0.007350290710368412,0.0016984364924914619,0.004083314920552139
680,0.010856216497864946,0.0018652077861802674,0.0016994342597240752,-0.010644356102408659,0.011793371548563858
681,-0.005857985631338436,-0.0043219313293283435,-0.01163353276206558,-0.0071408169924480625,0.004823185019339871
682,-0.004664832527482843,-0.006722440297659893,-0.002084332688009005,-0.0009589420338672605,0.002399978637695366
683,-0.010360186831710472,-0.003070223462506516,0.006266152353544996,0.004415426023470781,-0.001995181090426512
684,0.0019940636386983623,0.0015060872225780564,-0.003907200108208886,0.0007645434969545395,0.0019991697962005173
685,0.011442763078172158,0.006576636886363119,0.00012251172605548533,-0.001909898541876398,0.005985619382559371
686,-0.0027053765559362786,-0.005485610225651083,-0.000490173892975676,-0.00028701473651326914,0.003570018082361681
687,-0.000986459094450165,0.001165989243338661,-0.010913542076553595,0.002201199747687399,0.003162052415751404
688,0.005924504774398542,0.008622372403159329,0.018100657304563228,-0.0018143854009876614,0.008274271030942915
689,-0.005153351766200132,-0.015520895420845227,-0.003775026517533586,-0.0015306231185618913,-0.0023446450013527853
690,-0.00962011299558363,0.0005864396970667318,-0.00892306257577169,0.0019162301713049334,-0.0003917049985457943
691,-0.004981338862728113,-0.0020738304839804655,-0.004563427950495136,-0.003347025677943205,0.0007837169829512103
692,-0.0030037278997021577,-0.009193324942280201,0.000867298917336834,0.0003838122726811388,-0.008222434780478682
693,-0.016068369945358763,-0.016528359834683037,-0.03404308048473004,-0.010071005469440064,-0.0031583073015007956
694,0.011737762574363098,-0.0022485481530990503,-0.007561147598622808,0.006104033126696828,0.0007920973371751128
695,-0.0037831404818736702,0.004205189122549191,-0.0009039216505343228,-0.009726449753999056,-0.004748747014625798
696,-0.011645546442345722,-0.014691266090073651,-0.018224164560620593,-0.0028201975139882096,-0.0011927944235343713
697,0.0012807181323775119,0.00039913334321250993,-0.006714088235616145,-0.004681132754514206,0.005573223924012716
698,0.0020465084687937285,0.005797444646104211,-0.00013246530470756301,0.001763671462684968,-0.0011876756284113776
699,0.001021213106899177,-0.0024269066881511536,0.0029162409011584955,-0.002151811671556092,-0.010701564116625373
700,-0.0035705022422169996,-0.00039771082475204,-0.01837175458318263,-0.013036603072173802,-0.007612124746718463
701,-0.012797542971730191,-0.013386069255070021,-0.01952332050330785,-0.011520544582213188,-0.004440880432728611
702,-0.004148297865648631,0.007281973839242228,0.012221908725326358,0.008741110793251572,-0.027980557109777426
703,0.004165577923658681,-0.0003767806262175988,0.005562388647427641,-0.0011952464617354108,-0.005840608830157135
704,0.013741218135606914,0.011872811648814707,0.002698285764046515,-0.0029915778421929495,0.0037767584085621753
705,-0.0061380530213671625,0.00640219757250482,0.01089878312593906,0.012402458713095532,0.020903009966773745
706,0.015954681475728316,0.00520483924107662,0.004791702695492672,0.0003951878585748414,-0.0024569805796449407
707,0.0030394866584633196,0.004096282837700693,0.01735336104197982,0.00612280371427798,-0.005747179535684377
708,-0.01060601477598,-0.006096451268467251,-0.014583368516629225,-0.010404373647135978,-0.0004128913775948151
709,-0.003828522835899295,-0.004980868984616693,-0.0025106030739967533,0.005554429282769613,0.026435411862842262
710,0.007174035427914616,0.010521456651035654,0.011922129438963092,-0.006904685018805257,-0.0032193127757740303
711,-0.004324649649035228,-4.591214305493807e-05,-0.0014399870562961103,-0.007945997708908248,0.0028259868199671523
712,-0.016351543168845906,-0.013325071567788949,-0.02123748221174826,-0.00800956592272939,0.008856655072587483
713,-0.0036363477830763102,-0.008786403975676982,-0.023707529944299033,-0.008074314059076548,0.010375109115033698
714,-0.011991633919539724,-0.01228804334679856,-0.006722429247805972,0.003968247807208947,-0.00750397062984387
715,-0.002110866169756198,-0.0017332106225139698,-0.009806616982167782,0.007803833857810805,-0.006366886301448993
716,0.012427319526590264,0.0075393937405647815,0.01283300512783847,0.005631511915174414,-0.010812917814965184
717,-0.010707752353326438,-0.014352187096675628,-0.021484610184280162,-0.00910003662109371,0.007287384302320454
718,-0.0036958655148053854,-0.011974614168780984,0.019141457451604005,0.0072661342952113905,-0.00844047795643843
719,0.001059806546137576,-0.004532772203415858,-0.01601993652040623,-0.002003776707085625,0.0133765675997366
720,0.008999474949009434,0.011955789786880722,0.006315746641995634,-0.003011776427262025,-0.015999984741210893
721,-0.004721938882984111,0.006280266349381947,0.01701535945090482,-0.001409721005841691,-0.0036585427313929886
722,0.0071165120594811615,0.010664732962442303,0.006171209392985988,0.010587910367498843,0.0016319464628800073
723,0.015440988398967237,0.019164354406221662,0.03284715745532818,0.011873901685409471,0.010590641016776203
724,0.018298945835918623,0.009123392577504053,0.023884898228425877,0.004930480050725272,-0.005239788938530832
725,0.0030372754158440873,0.002300489991450494,-0.014434787602130017,-0.005298801845967538,0.004051879263905711
726,0.0002522917300966654,0.0028460378421049093,-0.008238588632870747,0.007990505441917373,-0.02138824342047485
727,-0.004540875578892822,0.0007323995367289893,0.0032964136612847472,0.0050890256558364655,-0.011134039495409143
728,-0.008869703047175603,-0.007798750513686392,-0.015770758391331685,-0.010126517205808039,-0.0025020628476953855
729,0.006903616812836688,0.01560480608246917,0.009347001655056086,0.005016668192645568,0.005016757477033895
730,0.0017775442591567714,-0.0009531851844464256,-0.008334399840447815,9.78969992142531e-05,0.01455900419267575
731,0.0233206121965297,0.019400732632628648,0.05549631420648038,0.01565862663282891,-0.0016399757761242917
732,0.006935907887106518,0.0021170451411640645,0.0029069226435156637,-0.005203323587194664,-0.006570835519734475
733,-0.01033215173129065,0.001223132715498565,-0.0021423840228649293,0.008233228319538544,-0.02397684625469354
734,0.003977127746276343,0.0012438032670611943,-0.0007577362763641071,0.0028821506610872127,0.01440068376952186
735,0.010646207270951002,0.00769760011297449,0.0073305634672165,0.004023356369393438,0.012526063778869334
736,-0.005879418558642491,-0.0021794142796411897,-0.007026318444621982,0.00028622058959704155,0.005773170707151998
737,-0.0027107098419937303,0.0038608335923762116,0.00492796806490059,0.004006159986749802,-0.008610048779328139
738,0.0032121880280908677,0.0006153548988119262,0.0028920326978989497,-0.0051301624982722505,-0.006617032481089802
739,-0.004679769306643933,-0.0018009594303206589,0.003635919104315155,0.008116868451230053,-0.00666110925740615
740,0.008166340814174111,0.000990102267592663,0.006620846459608476,0.00397838562242514,0.012154191146704907
741,-0.005645639358310639,-0.0007034210304239785,0.00694958483331698,0.008113978938436572,0.007039340744481981
742,0.0029622994706035577,0.003937459806426347,0.00727143174418643,-0.005240969270854823,-0.016858546568952693
743,0.004184055241847284,0.005915890103284305,0.024593104420390643,0.008279210140541116,-0.004600611085468831
744,-0.008823544536357697,-0.005249408908885922,0.007284459349329531,-0.004572155194003891,-0.006722682879878539
745,-0.003461903916979203,-0.00019706220282800224,-0.006638975325714558,0.007967739704626275,-0.008883210232425442
746,-0.001240675881069686,-0.004029777295871284,-0.0029836495675902297,0.0037199063556199174,-0.024327771549294552
747,0.003975151488499584,0.007630400972353568,0.0028728496664993664,9.267243771127198e-05,0.0017497378438651179
748,-0.004949288881332725,0.004299153642212783,-0.001671035947580335,-0.005373372410006461,0.004366828957883762
749,0.004476506074960085,0.003889565362589442,0.0027499205955525685,-0.00027942230929889345,-0.003478257552437136
750,0.0,0.004567232870283933,-0.0005961970921700699,0.005683411906688862,-0.015270522700902234
751,0.009408295960822155,0.013790118104538118,0.038296338536861985,0.016768552136880777,0.011519726734487312
752,0.013245055419775387,0.003209372509298536,0.02884065461836549,0.007015914743201845,0.016644728954730237
